{
  "metadata": {
    "phase": "Phase 5 - Evaluation Clean Domain",
    "timestamp": "2025-12-17T16:05:26.487435",
    "seed": 42,
    "classes": [
      "hazelnut",
      "carpet",
      "zipper"
    ]
  },
  "patchcore": {
    "hazelnut": {
      "threshold": 5.644050216409895,
      "image_level": {
        "auroc": 1.0,
        "auprc": 1.0,
        "n_samples": 89,
        "n_normal": 40,
        "n_anomalous": 49,
        "threshold": 5.644050216409895,
        "accuracy": 0.9887640449438202,
        "precision": 1.0,
        "recall": 0.9795918367346939,
        "specificity": 1.0,
        "f1": 0.9896907216494846,
        "true_positives": 48,
        "true_negatives": 40,
        "false_positives": 0,
        "false_negatives": 1
      },
      "pixel_level": {
        "n_images": 89,
        "n_anomalous_images": 49,
        "pixel_auroc": 0.9888398513405771,
        "pro": 0.824763131366141
      }
    },
    "carpet": {
      "threshold": 2.06812568683882,
      "image_level": {
        "auroc": 0.9450113378684807,
        "auprc": 0.9787828425323584,
        "n_samples": 91,
        "n_normal": 28,
        "n_anomalous": 63,
        "threshold": 2.06812568683882,
        "accuracy": 0.8461538461538461,
        "precision": 0.8888888888888888,
        "recall": 0.8888888888888888,
        "specificity": 0.75,
        "f1": 0.8888888888888888,
        "true_positives": 56,
        "true_negatives": 21,
        "false_positives": 7,
        "false_negatives": 7
      },
      "pixel_level": {
        "n_images": 91,
        "n_anomalous_images": 63,
        "pixel_auroc": 0.9834702464179323,
        "pro": 0.7873780382031575
      }
    },
    "zipper": {
      "threshold": 1.7630764328735369,
      "image_level": {
        "auroc": 0.9888392857142857,
        "auprc": 0.9954949709588203,
        "n_samples": 116,
        "n_normal": 32,
        "n_anomalous": 84,
        "threshold": 1.7630764328735369,
        "accuracy": 0.9741379310344828,
        "precision": 0.9655172413793104,
        "recall": 1.0,
        "specificity": 0.90625,
        "f1": 0.9824561403508771,
        "true_positives": 84,
        "true_negatives": 29,
        "false_positives": 3,
        "false_negatives": 0
      },
      "pixel_level": {
        "n_images": 116,
        "n_anomalous_images": 84,
        "pixel_auroc": 0.9885520518264275,
        "pro": 0.873695505752502
      }
    },
    "macro_average": {
      "image_level": {
        "auroc": 0.9779502078609221,
        "auprc": 0.9914259378303929,
        "n_samples": 98.66666666666667,
        "n_normal": 33.333333333333336,
        "n_anomalous": 65.33333333333333,
        "threshold": 3.1584174453740843,
        "accuracy": 0.9363519407107163,
        "precision": 0.9514687100893998,
        "recall": 0.9561602418745275,
        "specificity": 0.8854166666666666,
        "f1": 0.9536785836297502,
        "true_positives": 62.666666666666664,
        "true_negatives": 30.0,
        "false_positives": 3.3333333333333335,
        "false_negatives": 2.6666666666666665
      },
      "pixel_level": {
        "pixel_auroc": 0.9869540498616457,
        "pro": 0.8286122251072667
      }
    }
  },
  "padim": {
    "hazelnut": {
      "threshold": 47.431213241439686,
      "image_level": {
        "auroc": 0.9709183673469387,
        "auprc": 0.9746250707642262,
        "n_samples": 89,
        "n_normal": 40,
        "n_anomalous": 49,
        "threshold": 47.431213241439686,
        "accuracy": 0.8651685393258427,
        "precision": 0.9512195121951219,
        "recall": 0.7959183673469388,
        "specificity": 0.95,
        "f1": 0.8666666666666667,
        "true_positives": 39,
        "true_negatives": 38,
        "false_positives": 2,
        "false_negatives": 10
      },
      "pixel_level": {
        "n_images": 89,
        "n_anomalous_images": 49,
        "pixel_auroc": 0.9633206221187376,
        "pro": 0.7970307164131808
      }
    },
    "carpet": {
      "threshold": 30.387693796014645,
      "image_level": {
        "auroc": 0.9586167800453514,
        "auprc": 0.9844830153565387,
        "n_samples": 91,
        "n_normal": 28,
        "n_anomalous": 63,
        "threshold": 30.387693796014645,
        "accuracy": 0.9010989010989011,
        "precision": 1.0,
        "recall": 0.8571428571428571,
        "specificity": 1.0,
        "f1": 0.9230769230769231,
        "true_positives": 54,
        "true_negatives": 28,
        "false_positives": 0,
        "false_negatives": 9
      },
      "pixel_level": {
        "n_images": 91,
        "n_anomalous_images": 63,
        "pixel_auroc": 0.9839391999281658,
        "pro": 0.5337515365127476
      }
    },
    "zipper": {
      "threshold": 24.447626696406186,
      "image_level": {
        "auroc": 0.8616071428571429,
        "auprc": 0.9419245840802596,
        "n_samples": 116,
        "n_normal": 32,
        "n_anomalous": 84,
        "threshold": 24.447626696406186,
        "accuracy": 0.8448275862068966,
        "precision": 0.875,
        "recall": 0.9166666666666666,
        "specificity": 0.65625,
        "f1": 0.8953488372093024,
        "true_positives": 77,
        "true_negatives": 21,
        "false_positives": 11,
        "false_negatives": 7
      },
      "pixel_level": {
        "n_images": 116,
        "n_anomalous_images": 84,
        "pixel_auroc": 0.9718998740374604,
        "pro": 0.7974670797760689
      }
    },
    "macro_average": {
      "image_level": {
        "auroc": 0.9303807634164777,
        "auprc": 0.9670108900670081,
        "n_samples": 98.66666666666667,
        "n_normal": 33.333333333333336,
        "n_anomalous": 65.33333333333333,
        "threshold": 34.0888445779535,
        "accuracy": 0.8703650088772136,
        "precision": 0.9420731707317073,
        "recall": 0.8565759637188207,
        "specificity": 0.86875,
        "f1": 0.8950308089842974,
        "true_positives": 56.666666666666664,
        "true_negatives": 29.0,
        "false_positives": 4.333333333333333,
        "false_negatives": 8.666666666666666
      },
      "pixel_level": {
        "pixel_auroc": 0.9730532320281212,
        "pro": 0.7094164442339991
      }
    }
  }
}