{
  "metadata": {
    "timestamp": "2026-01-06T23:24:58.035524",
    "seed": 42,
    "classes": [
      "hazelnut",
      "carpet",
      "zipper"
    ]
  },
  "patchcore": {
    "hazelnut": {
      "threshold": 382.2659406159089,
      "image_level": {
        "auroc": 1.0,
        "auprc": 1.0,
        "n_samples": 89,
        "n_normal": 40,
        "n_anomalous": 49,
        "threshold": 382.2659406159089,
        "accuracy": 1.0,
        "precision": 1.0,
        "recall": 1.0,
        "specificity": 1.0,
        "f1": 1.0,
        "true_positives": 49,
        "true_negatives": 40,
        "false_positives": 0,
        "false_negatives": 0
      },
      "pixel_level": {
        "n_images": 89,
        "n_anomalous_images": 49,
        "pixel_auroc": 0.9884817452955538,
        "pro": 0.8549192206704181
      }
    },
    "carpet": {
      "threshold": 176.62491860512858,
      "image_level": {
        "auroc": 0.9727891156462585,
        "auprc": 0.9907550379081409,
        "n_samples": 91,
        "n_normal": 28,
        "n_anomalous": 63,
        "threshold": 176.62491860512858,
        "accuracy": 0.9340659340659341,
        "precision": 0.9830508474576272,
        "recall": 0.9206349206349206,
        "specificity": 0.9642857142857143,
        "f1": 0.9508196721311475,
        "true_positives": 58,
        "true_negatives": 27,
        "false_positives": 1,
        "false_negatives": 5
      },
      "pixel_level": {
        "n_images": 91,
        "n_anomalous_images": 63,
        "pixel_auroc": 0.9879720503838123,
        "pro": 0.836230093403762
      }
    },
    "zipper": {
      "threshold": 123.70719395176427,
      "image_level": {
        "auroc": 0.9817708333333334,
        "auprc": 0.9935308274671805,
        "n_samples": 116,
        "n_normal": 32,
        "n_anomalous": 84,
        "threshold": 123.70719395176427,
        "accuracy": 0.9224137931034483,
        "precision": 0.9120879120879121,
        "recall": 0.9880952380952381,
        "specificity": 0.75,
        "f1": 0.9485714285714286,
        "true_positives": 83,
        "true_negatives": 24,
        "false_positives": 8,
        "false_negatives": 1
      },
      "pixel_level": {
        "n_images": 116,
        "n_anomalous_images": 84,
        "pixel_auroc": 0.9859383046855453,
        "pro": 0.832782609052772
      }
    },
    "macro_average": {
      "image_level": {
        "auroc": 0.9848533163265306,
        "auprc": 0.9947619551251071,
        "n_samples": 98.66666666666667,
        "n_normal": 33.333333333333336,
        "n_anomalous": 65.33333333333333,
        "threshold": 227.53268439093392,
        "accuracy": 0.9521599090564608,
        "precision": 0.9650462531818463,
        "recall": 0.9695767195767195,
        "specificity": 0.9047619047619048,
        "f1": 0.966463700234192,
        "true_positives": 63.333333333333336,
        "true_negatives": 30.333333333333332,
        "false_positives": 3.0,
        "false_negatives": 2.0
      },
      "pixel_level": {
        "pixel_auroc": 0.9874640334549705,
        "pro": 0.8413106410423175
      }
    }
  },
  "padim": {
    "hazelnut": {
      "threshold": 47.431213241439686,
      "image_level": {
        "auroc": 0.9709183673469387,
        "auprc": 0.9746250707642262,
        "n_samples": 89,
        "n_normal": 40,
        "n_anomalous": 49,
        "threshold": 47.431213241439686,
        "accuracy": 0.8651685393258427,
        "precision": 0.9512195121951219,
        "recall": 0.7959183673469388,
        "specificity": 0.95,
        "f1": 0.8666666666666667,
        "true_positives": 39,
        "true_negatives": 38,
        "false_positives": 2,
        "false_negatives": 10
      },
      "pixel_level": {
        "n_images": 89,
        "n_anomalous_images": 49,
        "pixel_auroc": 0.963320622036934,
        "pro": 0.7970306994765247
      }
    },
    "carpet": {
      "threshold": 30.387693796014645,
      "image_level": {
        "auroc": 0.9586167800453514,
        "auprc": 0.9844830153565387,
        "n_samples": 91,
        "n_normal": 28,
        "n_anomalous": 63,
        "threshold": 30.387693796014645,
        "accuracy": 0.9010989010989011,
        "precision": 1.0,
        "recall": 0.8571428571428571,
        "specificity": 1.0,
        "f1": 0.9230769230769231,
        "true_positives": 54,
        "true_negatives": 28,
        "false_positives": 0,
        "false_negatives": 9
      },
      "pixel_level": {
        "n_images": 91,
        "n_anomalous_images": 63,
        "pixel_auroc": 0.9839391999214272,
        "pro": 0.5337515365127476
      }
    },
    "zipper": {
      "threshold": 24.447626696406186,
      "image_level": {
        "auroc": 0.8616071428571429,
        "auprc": 0.9419245840802596,
        "n_samples": 116,
        "n_normal": 32,
        "n_anomalous": 84,
        "threshold": 24.447626696406186,
        "accuracy": 0.8448275862068966,
        "precision": 0.875,
        "recall": 0.9166666666666666,
        "specificity": 0.65625,
        "f1": 0.8953488372093024,
        "true_positives": 77,
        "true_negatives": 21,
        "false_positives": 11,
        "false_negatives": 7
      },
      "pixel_level": {
        "n_images": 116,
        "n_anomalous_images": 84,
        "pixel_auroc": 0.9718998741148507,
        "pro": 0.7974670672675171
      }
    },
    "macro_average": {
      "image_level": {
        "auroc": 0.9303807634164777,
        "auprc": 0.9670108900670081,
        "n_samples": 98.66666666666667,
        "n_normal": 33.333333333333336,
        "n_anomalous": 65.33333333333333,
        "threshold": 34.0888445779535,
        "accuracy": 0.8703650088772136,
        "precision": 0.9420731707317073,
        "recall": 0.8565759637188207,
        "specificity": 0.86875,
        "f1": 0.8950308089842974,
        "true_positives": 56.666666666666664,
        "true_negatives": 29.0,
        "false_positives": 4.333333333333333,
        "false_negatives": 8.666666666666666
      },
      "pixel_level": {
        "pixel_auroc": 0.973053232024404,
        "pro": 0.7094164344189298
      }
    }
  }
}