{
  "patchcore": {
    "hazelnut": {
      "auroc": 1.0,
      "auprc": 1.0,
      "f1": 1.0,
      "accuracy": 1.0,
      "precision": 1.0,
      "recall": 1.0,
      "pixel_auroc": 0.9793175026752402,
      "pro": 0.8379538359790331
    },
    "carpet": {
      "auroc": 0.967687074829932,
      "auprc": 0.9885019070551304,
      "f1": 0.9508196721311475,
      "accuracy": 0.9340659340659341,
      "precision": 0.9830508474576272,
      "recall": 0.9206349206349206,
      "pixel_auroc": 0.982293785035023,
      "pro": 0.7795124098078157
    },
    "zipper": {
      "auroc": 0.984375,
      "auprc": 0.994185358711756,
      "f1": 0.9595375722543352,
      "accuracy": 0.9396551724137931,
      "precision": 0.9325842696629213,
      "recall": 0.9880952380952381,
      "pixel_auroc": 0.9804956027709076,
      "pro": 0.7856673593142599
    }
  },
  "padim": {
    "hazelnut": {
      "auroc": 0.8413265306122449,
      "auprc": 0.8370871628936891,
      "f1": 0.7472527472527473,
      "accuracy": 0.7415730337078652,
      "precision": 0.8095238095238095,
      "recall": 0.6938775510204082,
      "pixel_auroc": 0.9568492699750912,
      "pro": 0.8155089531997898
    },
    "carpet": {
      "auroc": 0.9223356009070295,
      "auprc": 0.970078274173763,
      "f1": 0.8739495798319328,
      "accuracy": 0.8351648351648352,
      "precision": 0.9285714285714286,
      "recall": 0.8253968253968254,
      "pixel_auroc": 0.9597986536144891,
      "pro": 0.5472785830292657
    },
    "zipper": {
      "auroc": 0.8683035714285714,
      "auprc": 0.9356299278842307,
      "f1": 0.9273743016759777,
      "accuracy": 0.8879310344827587,
      "precision": 0.8736842105263158,
      "recall": 0.9880952380952381,
      "pixel_auroc": 0.8851686318566185,
      "pro": 0.6409504660856674
    }
  }
}