{
  "patchcore": {
    "hazelnut": {
      "auroc": 1.0,
      "auprc": 1.0,
      "f1": 1.0,
      "accuracy": 1.0,
      "precision": 1.0,
      "recall": 1.0,
      "pixel_auroc": 0.9793175044557264,
      "pro": 0.8379525289113975
    },
    "carpet": {
      "auroc": 0.967687074829932,
      "auprc": 0.9885019070551304,
      "f1": 0.9508196721311475,
      "accuracy": 0.9340659340659341,
      "precision": 0.9830508474576272,
      "recall": 0.9206349206349206,
      "pixel_auroc": 0.9822937925179847,
      "pro": 0.7795051519039798
    },
    "zipper": {
      "auroc": 0.984375,
      "auprc": 0.994185358711756,
      "f1": 0.9595375722543352,
      "accuracy": 0.9396551724137931,
      "precision": 0.9325842696629213,
      "recall": 0.9880952380952381,
      "pixel_auroc": 0.9805027696003302,
      "pro": 0.7856911645808877
    }
  },
  "padim": {
    "hazelnut": {
      "auroc": 0.9744897959183674,
      "auprc": 0.9703963429695892,
      "f1": 0.9361702127659575,
      "accuracy": 0.9325842696629213,
      "precision": 0.9777777777777777,
      "recall": 0.8979591836734694,
      "pixel_auroc": 0.9523845682183026,
      "pro": 0.6479875195152589
    },
    "carpet": {
      "auroc": 0.9438775510204082,
      "auprc": 0.9786177533812437,
      "f1": 0.905982905982906,
      "accuracy": 0.8791208791208791,
      "precision": 0.9814814814814815,
      "recall": 0.8412698412698413,
      "pixel_auroc": 0.973437154787348,
      "pro": 0.719309643864228
    },
    "zipper": {
      "auroc": 0.8824404761904763,
      "auprc": 0.9447927937743672,
      "f1": 0.8757396449704142,
      "accuracy": 0.8189655172413793,
      "precision": 0.8705882352941177,
      "recall": 0.8809523809523809,
      "pixel_auroc": 0.9267769244121901,
      "pro": 0.6494271945270327
    }
  }
}