{
  "patchcore": {
    "hazelnut": {
      "per_class_auroc": 1.0,
      "global_auroc": 1.0,
      "gap": 0.0
    },
    "carpet": {
      "per_class_auroc": 0.9450113378684807,
      "global_auroc": 0.967687074829932,
      "gap": -0.02267573696145131
    },
    "zipper": {
      "per_class_auroc": 0.9888392857142857,
      "global_auroc": 0.984375,
      "gap": 0.004464285714285698
    }
  },
  "padim": {
    "hazelnut": {
      "per_class_auroc": 0.9709183673469387,
      "global_auroc": 0.8413265306122449,
      "gap": 0.12959183673469377
    },
    "carpet": {
      "per_class_auroc": 0.9586167800453514,
      "global_auroc": 0.9223356009070295,
      "gap": 0.03628117913832196
    },
    "zipper": {
      "per_class_auroc": 0.8616071428571429,
      "global_auroc": 0.8683035714285714,
      "gap": -0.006696428571428492
    }
  }
}