{
  "patchcore": {
    "hazelnut": {
      "per_class_auroc": 1.0,
      "global_auroc": 1.0,
      "gap": 0.0
    },
    "carpet": {
      "per_class_auroc": 0.9727891156462585,
      "global_auroc": 0.967687074829932,
      "gap": 0.005102040816326481
    },
    "zipper": {
      "per_class_auroc": 0.9817708333333334,
      "global_auroc": 0.984375,
      "gap": -0.0026041666666666297
    }
  },
  "padim": {
    "hazelnut": {
      "per_class_auroc": 0.9709183673469387,
      "global_auroc": 0.9744897959183674,
      "gap": -0.0035714285714286698
    },
    "carpet": {
      "per_class_auroc": 0.9586167800453514,
      "global_auroc": 0.9438775510204082,
      "gap": 0.01473922902494329
    },
    "zipper": {
      "per_class_auroc": 0.8616071428571429,
      "global_auroc": 0.8824404761904763,
      "gap": -0.02083333333333337
    }
  }
}