class,method,domain,adaptation,auroc,auprc,f1,accuracy,precision,recall
hazelnut,PatchCore,shift,full,0.960204081632653,0.9771470273213946,0.9166666666666666,0.9101123595505618,0.9361702127659575,0.8979591836734694
hazelnut,PaDiM,shift,full,0.7331632653061224,0.7194194074509379,0.4507042253521127,0.5617977528089888,0.7272727272727273,0.32653061224489793
carpet,PatchCore,shift,full,0.8679138321995464,0.9474506523698574,0.8035714285714286,0.7582417582417582,0.9183673469387755,0.7142857142857143
carpet,PaDiM,shift,full,0.7942176870748299,0.9066203030208708,0.7933884297520661,0.7252747252747253,0.8275862068965517,0.7619047619047619
zipper,PatchCore,shift,full,0.8251488095238095,0.9229829615699123,0.8050314465408805,0.7327586206896551,0.8533333333333334,0.7619047619047619
zipper,PaDiM,shift,full,0.6789434523809523,0.8543871845310577,0.8191489361702128,0.7068965517241379,0.7403846153846154,0.9166666666666666
MACRO_AVG,PatchCore,shift,full,0.8844222411186697,0.9491935470870548,0.8417565139263253,0.800370912827325,0.9026236310126888,0.7913832199546486
MACRO_AVG,PaDiM,shift,full,0.7354414682539682,0.8268089650009555,0.6877471970914639,0.664656343269284,0.7650811831846315,0.6683673469387754
