{
  "metadata": {
    "notebook": "07_evaluation_shifted_no_adaptation.ipynb",
    "evaluation_type": "Test-Shifted, No Adaptation",
    "timestamp": "2025-12-18T09:32:42.502219",
    "seed": 42,
    "classes": [
      "hazelnut",
      "carpet",
      "zipper"
    ]
  },
  "patchcore": {
    "hazelnut": {
      "threshold": 5.644050216409895,
      "image_level": {
        "auroc": 0.7704081632653061,
        "auprc": 0.823305656238598,
        "n_samples": 89,
        "n_normal": 40,
        "n_anomalous": 49,
        "threshold": 5.644050216409895,
        "accuracy": 0.550561797752809,
        "precision": 0.550561797752809,
        "recall": 1.0,
        "specificity": 0.0,
        "f1": 0.7101449275362319,
        "true_positives": 49,
        "true_negatives": 0,
        "false_positives": 40,
        "false_negatives": 0
      },
      "pixel_level": {
        "n_images": 89,
        "n_anomalous_images": 49,
        "pixel_auroc": 0.8350382790082641,
        "pro": 0.7066494324737501
      }
    },
    "carpet": {
      "threshold": 2.06812568683882,
      "image_level": {
        "auroc": 0.7874149659863946,
        "auprc": 0.9018848426425299,
        "n_samples": 91,
        "n_normal": 28,
        "n_anomalous": 63,
        "threshold": 2.06812568683882,
        "accuracy": 0.6923076923076923,
        "precision": 0.6923076923076923,
        "recall": 1.0,
        "specificity": 0.0,
        "f1": 0.8181818181818182,
        "true_positives": 63,
        "true_negatives": 0,
        "false_positives": 28,
        "false_negatives": 0
      },
      "pixel_level": {
        "n_images": 91,
        "n_anomalous_images": 63,
        "pixel_auroc": 0.7455580742441463,
        "pro": 0.40766846847606253
      }
    },
    "zipper": {
      "threshold": 1.7630764328735369,
      "image_level": {
        "auroc": 0.35639880952380953,
        "auprc": 0.6692436597357915,
        "n_samples": 116,
        "n_normal": 32,
        "n_anomalous": 84,
        "threshold": 1.7630764328735369,
        "accuracy": 0.7241379310344828,
        "precision": 0.7241379310344828,
        "recall": 1.0,
        "specificity": 0.0,
        "f1": 0.84,
        "true_positives": 84,
        "true_negatives": 0,
        "false_positives": 32,
        "false_negatives": 0
      },
      "pixel_level": {
        "n_images": 116,
        "n_anomalous_images": 84,
        "pixel_auroc": 0.7516269771283969,
        "pro": 0.3725530579958771
      }
    },
    "macro_average": {
      "image_level": {
        "auroc": 0.6380739795918368,
        "auprc": 0.7981447195389731,
        "n_samples": 98.66666666666667,
        "n_normal": 33.333333333333336,
        "n_anomalous": 65.33333333333333,
        "threshold": 3.1584174453740843,
        "accuracy": 0.6556691403649947,
        "precision": 0.6556691403649947,
        "recall": 1.0,
        "specificity": 0.0,
        "f1": 0.7894422485726834,
        "true_positives": 65.33333333333333,
        "true_negatives": 0.0,
        "false_positives": 33.333333333333336,
        "false_negatives": 0.0
      },
      "pixel_level": {
        "pixel_auroc": 0.7774077767936024,
        "pro": 0.49562365298189665
      }
    }
  },
  "padim": {
    "hazelnut": {
      "threshold": 47.431213241439686,
      "image_level": {
        "auroc": 0.6040816326530613,
        "auprc": 0.6599644660013537,
        "n_samples": 89,
        "n_normal": 40,
        "n_anomalous": 49,
        "threshold": 47.431213241439686,
        "accuracy": 0.5617977528089888,
        "precision": 0.5581395348837209,
        "recall": 0.9795918367346939,
        "specificity": 0.05,
        "f1": 0.7111111111111111,
        "true_positives": 48,
        "true_negatives": 2,
        "false_positives": 38,
        "false_negatives": 1
      },
      "pixel_level": {
        "n_images": 89,
        "n_anomalous_images": 49,
        "pixel_auroc": 0.7995458677412346,
        "pro": 0.5277786771421755
      }
    },
    "carpet": {
      "threshold": 30.387693796014645,
      "image_level": {
        "auroc": 0.8939909297052154,
        "auprc": 0.9558860042533879,
        "n_samples": 91,
        "n_normal": 28,
        "n_anomalous": 63,
        "threshold": 30.387693796014645,
        "accuracy": 0.8021978021978022,
        "precision": 0.8082191780821918,
        "recall": 0.9365079365079365,
        "specificity": 0.5,
        "f1": 0.8676470588235294,
        "true_positives": 59,
        "true_negatives": 14,
        "false_positives": 14,
        "false_negatives": 4
      },
      "pixel_level": {
        "n_images": 91,
        "n_anomalous_images": 63,
        "pixel_auroc": 0.9546021057389024,
        "pro": 0.7374670725809731
      }
    },
    "zipper": {
      "threshold": 24.447626696406186,
      "image_level": {
        "auroc": 0.5524553571428572,
        "auprc": 0.7828188473491062,
        "n_samples": 116,
        "n_normal": 32,
        "n_anomalous": 84,
        "threshold": 24.447626696406186,
        "accuracy": 0.7241379310344828,
        "precision": 0.7241379310344828,
        "recall": 1.0,
        "specificity": 0.0,
        "f1": 0.84,
        "true_positives": 84,
        "true_negatives": 0,
        "false_positives": 32,
        "false_negatives": 0
      },
      "pixel_level": {
        "n_images": 116,
        "n_anomalous_images": 84,
        "pixel_auroc": 0.7258757410365235,
        "pro": 0.3235764135316969
      }
    },
    "macro_average": {
      "image_level": {
        "auroc": 0.6835093065003779,
        "auprc": 0.7995564392012827,
        "n_samples": 98.66666666666667,
        "n_normal": 33.333333333333336,
        "n_anomalous": 65.33333333333333,
        "threshold": 34.0888445779535,
        "accuracy": 0.6960444953470913,
        "precision": 0.6968322146667986,
        "recall": 0.9720332577475435,
        "specificity": 0.18333333333333335,
        "f1": 0.8062527233115468,
        "true_positives": 63.666666666666664,
        "true_negatives": 5.333333333333333,
        "false_positives": 28.0,
        "false_negatives": 1.6666666666666667
      },
      "pixel_level": {
        "pixel_auroc": 0.8266745715055536,
        "pro": 0.5296073877516152
      }
    }
  }
}