{
  "metadata": {
    "notebook": "07_evaluation_shifted_no_adaptation.ipynb",
    "evaluation_type": "Test-Shifted, No Adaptation",
    "timestamp": "2026-01-07T00:06:30.153015",
    "seed": 42,
    "classes": [
      "hazelnut",
      "carpet",
      "zipper"
    ]
  },
  "patchcore": {
    "hazelnut": {
      "threshold": 382.2659406159089,
      "image_level": {
        "auroc": 0.988265306122449,
        "auprc": 0.9915360445448597,
        "n_samples": 89,
        "n_normal": 40,
        "n_anomalous": 49,
        "threshold": 382.2659406159089,
        "accuracy": 0.7865168539325843,
        "precision": 0.7205882352941176,
        "recall": 1.0,
        "specificity": 0.525,
        "f1": 0.8376068376068376,
        "true_positives": 49,
        "true_negatives": 21,
        "false_positives": 19,
        "false_negatives": 0
      },
      "pixel_level": {
        "n_images": 89,
        "n_anomalous_images": 49,
        "pixel_auroc": 0.9680288237935023,
        "pro": 0.7448060988284518
      }
    },
    "carpet": {
      "threshold": 176.62491860512858,
      "image_level": {
        "auroc": 0.9370748299319728,
        "auprc": 0.9725831512170602,
        "n_samples": 91,
        "n_normal": 28,
        "n_anomalous": 63,
        "threshold": 176.62491860512858,
        "accuracy": 0.7362637362637363,
        "precision": 0.7241379310344828,
        "recall": 1.0,
        "specificity": 0.14285714285714285,
        "f1": 0.84,
        "true_positives": 63,
        "true_negatives": 4,
        "false_positives": 24,
        "false_negatives": 0
      },
      "pixel_level": {
        "n_images": 91,
        "n_anomalous_images": 63,
        "pixel_auroc": 0.952556580681535,
        "pro": 0.7192270112448353
      }
    },
    "zipper": {
      "threshold": 123.70719395176427,
      "image_level": {
        "auroc": 0.7503720238095237,
        "auprc": 0.8759761204746934,
        "n_samples": 116,
        "n_normal": 32,
        "n_anomalous": 84,
        "threshold": 123.70719395176427,
        "accuracy": 0.7241379310344828,
        "precision": 0.7241379310344828,
        "recall": 1.0,
        "specificity": 0.0,
        "f1": 0.84,
        "true_positives": 84,
        "true_negatives": 0,
        "false_positives": 32,
        "false_negatives": 0
      },
      "pixel_level": {
        "n_images": 116,
        "n_anomalous_images": 84,
        "pixel_auroc": 0.8456489925554324,
        "pro": 0.47233494261062503
      }
    },
    "macro_average": {
      "image_level": {
        "auroc": 0.8919040532879818,
        "auprc": 0.9466984387455377,
        "n_samples": 98.66666666666667,
        "n_normal": 33.333333333333336,
        "n_anomalous": 65.33333333333333,
        "threshold": 227.53268439093392,
        "accuracy": 0.7489728404102678,
        "precision": 0.7229546991210277,
        "recall": 1.0,
        "specificity": 0.22261904761904763,
        "f1": 0.8392022792022792,
        "true_positives": 65.33333333333333,
        "true_negatives": 8.333333333333334,
        "false_positives": 25.0,
        "false_negatives": 0.0
      },
      "pixel_level": {
        "pixel_auroc": 0.9220781323434899,
        "pro": 0.6454560175613041
      }
    }
  },
  "padim": {
    "hazelnut": {
      "threshold": 47.431213241439686,
      "image_level": {
        "auroc": 0.6045918367346939,
        "auprc": 0.6604982179636771,
        "n_samples": 89,
        "n_normal": 40,
        "n_anomalous": 49,
        "threshold": 47.431213241439686,
        "accuracy": 0.5617977528089888,
        "precision": 0.5581395348837209,
        "recall": 0.9795918367346939,
        "specificity": 0.05,
        "f1": 0.7111111111111111,
        "true_positives": 48,
        "true_negatives": 2,
        "false_positives": 38,
        "false_negatives": 1
      },
      "pixel_level": {
        "n_images": 89,
        "n_anomalous_images": 49,
        "pixel_auroc": 0.7989664023004804,
        "pro": 0.5277681505312711
      }
    },
    "carpet": {
      "threshold": 30.387693796014645,
      "image_level": {
        "auroc": 0.8939909297052154,
        "auprc": 0.9558860042533879,
        "n_samples": 91,
        "n_normal": 28,
        "n_anomalous": 63,
        "threshold": 30.387693796014645,
        "accuracy": 0.8021978021978022,
        "precision": 0.8082191780821918,
        "recall": 0.9365079365079365,
        "specificity": 0.5,
        "f1": 0.8676470588235294,
        "true_positives": 59,
        "true_negatives": 14,
        "false_positives": 14,
        "false_negatives": 4
      },
      "pixel_level": {
        "n_images": 91,
        "n_anomalous_images": 63,
        "pixel_auroc": 0.9546002270958107,
        "pro": 0.7374698691938492
      }
    },
    "zipper": {
      "threshold": 24.447626696406186,
      "image_level": {
        "auroc": 0.5546875,
        "auprc": 0.7836601509709658,
        "n_samples": 116,
        "n_normal": 32,
        "n_anomalous": 84,
        "threshold": 24.447626696406186,
        "accuracy": 0.7241379310344828,
        "precision": 0.7241379310344828,
        "recall": 1.0,
        "specificity": 0.0,
        "f1": 0.84,
        "true_positives": 84,
        "true_negatives": 0,
        "false_positives": 32,
        "false_negatives": 0
      },
      "pixel_level": {
        "n_images": 116,
        "n_anomalous_images": 84,
        "pixel_auroc": 0.7261884066395421,
        "pro": 0.3160459214503813
      }
    },
    "macro_average": {
      "image_level": {
        "auroc": 0.6844234221466364,
        "auprc": 0.800014791062677,
        "n_samples": 98.66666666666667,
        "n_normal": 33.333333333333336,
        "n_anomalous": 65.33333333333333,
        "threshold": 34.0888445779535,
        "accuracy": 0.6960444953470913,
        "precision": 0.6968322146667986,
        "recall": 0.9720332577475435,
        "specificity": 0.18333333333333335,
        "f1": 0.8062527233115468,
        "true_positives": 63.666666666666664,
        "true_negatives": 5.333333333333333,
        "false_positives": 28.0,
        "false_negatives": 1.6666666666666667
      },
      "pixel_level": {
        "pixel_auroc": 0.8265850120119445,
        "pro": 0.5270946470585005
      }
    }
  }
}