Method,Class,Threshold,AUROC,AUPRC,F1,Accuracy,Pixel AUROC,PRO
PATCHCORE,hazelnut,1627.0023226461324,0.7704081632653061,0.823305656238598,0.6813186813186813,0.6741573033707865,0.8350382790082641,0.7066494324737501
PATCHCORE,carpet,1522.3187512536952,0.7874149659863946,0.9018848426425299,0.7567567567567568,0.7032967032967034,0.7455580742441463,0.40766846847606253
PATCHCORE,zipper,1551.351384207694,0.35639880952380953,0.6692436597357915,0.84,0.7241379310344828,0.7516269771283969,0.3725530579958771
PADIM,hazelnut,56.26533027356809,0.6040816326530613,0.6599644660013537,0.7111111111111111,0.5617977528089888,0.7995458677412346,0.5277786771421755
PADIM,carpet,42.61078038138312,0.8939909297052154,0.9558860042533879,0.8495575221238938,0.8131868131868132,0.9546021057389024,0.7374670725809731
PADIM,zipper,92.37101980833677,0.5524553571428572,0.7828188473491062,0.84,0.7241379310344828,0.7258757410365235,0.3235764135316969
PATCHCORE,Macro_average,1566.8908193691739,0.6380739795918368,0.7981447195389731,0.7593584793584793,0.7005306459006575,0.7774077767936024,0.49562365298189665
PADIM,Macro_average,63.74904348776266,0.6835093065003779,0.7995564392012827,0.8002228777450017,0.699707499010095,0.8266745715055536,0.5296073877516152
