{
  "thresholds": {
    "patchcore": {
      "hazelnut": 400.18906004393057,
      "carpet": 186.91817235448337,
      "zipper": 151.66519673848654
    },
    "padim": {
      "hazelnut": 41.153741138045845,
      "carpet": 22.579695021196887,
      "zipper": 18.109472057840847
    }
  },
  "validation_metrics": {
    "patchcore": {
      "hazelnut": {
        "threshold": 400.18906004393057,
        "val_f1": 1.0,
        "val_auroc": 1.0
      },
      "carpet": {
        "threshold": 186.91817235448337,
        "val_f1": 1.0,
        "val_auroc": 1.0
      },
      "zipper": {
        "threshold": 151.66519673848654,
        "val_f1": 0.9859154929577465,
        "val_auroc": 0.9994047619047619
      }
    },
    "padim": {
      "hazelnut": {
        "threshold": 41.153741138045845,
        "val_f1": 0.6829268292682927,
        "val_auroc": 0.9156118143459915
      },
      "carpet": {
        "threshold": 22.579695021196887,
        "val_f1": 0.8620689655172413,
        "val_auroc": 0.9505494505494505
      },
      "zipper": {
        "threshold": 18.109472057840847,
        "val_f1": 0.717948717948718,
        "val_auroc": 0.8297619047619048
      }
    }
  },
  "setting": "model-unified",
  "note": "Per-class thresholds calibrated on class validation sets using global models"
}