{
  "method": "padim_shift",
  "thresholds": {
    "hazelnut": 44.166396894340394,
    "carpet": 26.48035165108002,
    "zipper": 20.946971530914304
  },
  "calibration_metrics": {
    "hazelnut": {
      "threshold": 44.166396894340394,
      "f1": 0.5641025641025641,
      "precision": 0.6111111111111112,
      "recall": 0.5238095238095238,
      "accuracy": 0.83,
      "n_samples": 100,
      "n_normal": 79,
      "n_anomalous": 21
    },
    "carpet": {
      "threshold": 26.48035165108002,
      "f1": 0.8135593220338984,
      "precision": 0.7272727272727273,
      "recall": 0.9230769230769231,
      "accuracy": 0.8658536585365854,
      "n_samples": 82,
      "n_normal": 56,
      "n_anomalous": 26
    },
    "zipper": {
      "threshold": 20.946971530914304,
      "f1": 0.64,
      "precision": 0.49230769230769234,
      "recall": 0.9142857142857143,
      "accuracy": 0.5662650602409639,
      "n_samples": 83,
      "n_normal": 48,
      "n_anomalous": 35
    }
  }
}