{
  "method": "padim",
  "thresholds": {
    "hazelnut": 47.431213241439686,
    "carpet": 30.387693796014645,
    "zipper": 24.447626696406186
  },
  "calibration_metrics": {
    "hazelnut": {
      "threshold": 47.431213241439686,
      "f1": 0.9090909090909091,
      "precision": 0.8695652173913043,
      "recall": 0.9523809523809523,
      "accuracy": 0.96,
      "n_samples": 100,
      "n_normal": 79,
      "n_anomalous": 21
    },
    "carpet": {
      "threshold": 30.387693796014645,
      "f1": 0.9433962264150944,
      "precision": 0.9259259259259259,
      "recall": 0.9615384615384616,
      "accuracy": 0.9634146341463414,
      "n_samples": 82,
      "n_normal": 56,
      "n_anomalous": 26
    },
    "zipper": {
      "threshold": 24.447626696406186,
      "f1": 0.8493150684931506,
      "precision": 0.8157894736842105,
      "recall": 0.8857142857142857,
      "accuracy": 0.8674698795180723,
      "n_samples": 83,
      "n_normal": 48,
      "n_anomalous": 35
    }
  }
}