{
  "method": "patchcore_shift",
  "thresholds": {
    "hazelnut": 425.54693429024724,
    "carpet": 241.79094998563016,
    "zipper": 221.6001530461125
  },
  "calibration_metrics": {
    "hazelnut": {
      "threshold": 425.54693429024724,
      "f1": 0.9333333333333333,
      "precision": 0.875,
      "recall": 1.0,
      "accuracy": 0.97,
      "n_samples": 100,
      "n_normal": 79,
      "n_anomalous": 21
    },
    "carpet": {
      "threshold": 241.79094998563016,
      "f1": 0.8235294117647058,
      "precision": 0.84,
      "recall": 0.8076923076923077,
      "accuracy": 0.8902439024390244,
      "n_samples": 82,
      "n_normal": 56,
      "n_anomalous": 26
    },
    "zipper": {
      "threshold": 221.6001530461125,
      "f1": 0.7567567567567568,
      "precision": 0.717948717948718,
      "recall": 0.8,
      "accuracy": 0.7831325301204819,
      "n_samples": 83,
      "n_normal": 48,
      "n_anomalous": 35
    }
  }
}