{
  "method": "patchcore",
  "thresholds": {
    "hazelnut": 382.2659406159089,
    "carpet": 176.62491860512858,
    "zipper": 123.70719395176427
  },
  "calibration_metrics": {
    "hazelnut": {
      "threshold": 382.2659406159089,
      "f1": 1.0,
      "precision": 1.0,
      "recall": 1.0,
      "accuracy": 1.0,
      "n_samples": 100,
      "n_normal": 79,
      "n_anomalous": 21
    },
    "carpet": {
      "threshold": 176.62491860512858,
      "f1": 1.0,
      "precision": 1.0,
      "recall": 1.0,
      "accuracy": 1.0,
      "n_samples": 82,
      "n_normal": 56,
      "n_anomalous": 26
    },
    "zipper": {
      "threshold": 123.70719395176427,
      "f1": 0.9859154929577465,
      "precision": 0.9722222222222222,
      "recall": 1.0,
      "accuracy": 0.9879518072289156,
      "n_samples": 83,
      "n_normal": 48,
      "n_anomalous": 35
    }
  }
}