{
  "method": "patchcore",
  "thresholds": {
    "hazelnut": 593.5776883438615,
    "carpet": 326.0456415106513,
    "zipper": 405.80550583298145
  },
  "calibration_metrics": {
    "hazelnut": {
      "threshold": 593.5776883438615,
      "f1": 0.8571428571428571,
      "precision": 0.8571428571428571,
      "recall": 0.8571428571428571,
      "accuracy": 0.94,
      "n_samples": 100,
      "n_normal": 79,
      "n_anomalous": 21
    },
    "carpet": {
      "threshold": 326.0456415106513,
      "f1": 0.9019607843137255,
      "precision": 0.92,
      "recall": 0.8846153846153846,
      "accuracy": 0.9390243902439024,
      "n_samples": 82,
      "n_normal": 56,
      "n_anomalous": 26
    },
    "zipper": {
      "threshold": 405.80550583298145,
      "f1": 0.6739130434782609,
      "precision": 0.543859649122807,
      "recall": 0.8857142857142857,
      "accuracy": 0.6385542168674698,
      "n_samples": 83,
      "n_normal": 48,
      "n_anomalous": 35
    }
  }
}