{
  "num_samples": 192,
  "training_time_seconds": 227.0800642967224,
  "memory_bank_size_mb": 120.8251953125
}