{
  "num_samples": 224,
  "training_time_seconds": 66.68647742271423,
  "memory_bank_size_mb": 120.8251953125
}