{
  "num_samples": 192,
  "training_time_seconds": 45.772473096847534,
  "memory_bank_size_mb": 120.8251953125
}