{
  "num_samples": 312,
  "training_time_seconds": 74.93496870994568,
  "memory_bank_size_mb": 120.8251953125
}