{
  "num_samples": 224,
  "training_time_seconds": 273.62815046310425,
  "memory_bank_size_mb": 120.8251953125
}