{
  "num_samples": 224,
  "training_time_seconds": 59.098944425582886,
  "memory_bank_size_mb": 120.8251953125
}