{
  "num_samples": 728,
  "training_time_seconds": 317.6574008464813,
  "memory_bank_size_mb": 120.8251953125
}