{
  "num_samples": 192,
  "training_time_seconds": 40.537200689315796,
  "memory_bank_size_mb": 120.8251953125
}