{
  "num_samples": 312,
  "training_time_seconds": 90.05389404296875,
  "memory_bank_size_mb": 120.8251953125
}