{
  "num_samples": 192,
  "training_time_seconds": 42.451974391937256,
  "memory_bank_size_mb": 120.8251953125
}