{
  "num_samples": 224,
  "training_time_seconds": 62.25843811035156,
  "memory_bank_size_mb": 120.8251953125
}