{
  "num_samples": 312,
  "training_time_seconds": 373.2647376060486,
  "memory_bank_size_mb": 120.8251953125
}