{
  "num_samples": 312,
  "training_time_seconds": 83.91812992095947,
  "memory_bank_size_mb": 120.8251953125
}